cliente_id,nombre,apellido,email,telefono,iban,edad,sexo,pais_origen,pais_residencia,tipo_cliente,tipo_poliza,producto,aseguradora,numero_polizas,fecha_alta,fecha_vencimiento,fecha_renovacion_real,prima_anual,comision_porcentaje,estado_poliza,scoring_inicial,scoring_actual,canal_captacion
C0001,Roberto,Rodriguez,roberto.rodriguez1@email.com,633890838,ES6379402654235116155940,69,Mujer,Italia,España,Nacional,Auto,Allianz Auto Plus,Adeslas,2,2025-01-01,2028-01-01,,628.62,12,Activa,2,0,Facebook
C0002,Noah,Muller,noah.muller2@email.com,664752553,ES4192832764835030564139,68,Mujer,India,Irlanda,Nacional,Hogar,Mapfre Hogar Familiar,Allianz,1,2020-05-22,2021-05-22,2021-05-25,552.96,17,Renovada,5,2,Google Ads
C0003,John,Wilson,john.wilson3@email.com,671012269,ES1669784801845146270482,55,Hombre,Italia,España,Expatriado,Mascotas,AXA Mascotas,Sanitas,2,2021-06-22,2024-06-21,2024-07-01,241.6,11,Renovada,4,6,Instagram
C0004,Marta,Dubois,marta.dubois4@email.com,603911718,ES2278248963834657871331,44,Hombre,Luxemburgo,Emiratos Árabes,Nacional,Salud,DKV Integral,AXA,1,2021-10-25,2023-10-25,,1463.71,12,Activa,6,4,Facebook
C0005,John,Garcia,,699737631,ES1656670106513338726247,38,Hombre,Emiratos Árabes,España,Expatriado,Salud,AXA Salud Completa,Generali,1,2022-11-18,2023-11-18,,1048.86,11,Activa,10,8,Facebook
C0006,Nuria,Solana,nuria.solana6@email.com,660647468,ES7234309805009788208121,61,Hombre,Luxemburgo,Emiratos Árabes,Autónomo,Auto,Allianz Auto Plus,Generali,1,2022-04-12,2024-04-11,,891.6,10,Activa,2,0,Google Ads
C0007,James,Moreau,james.moreau7@email.com,634624751,ES0799118384251354278498,23,Otro,Perú,España,Expatriado,Salud,Sanitas Más Salud,Allianz,1,2023-09-08,2026-09-07,2026-09-12,1468.95,11,Renovada,5,4,Instagram
C0008,James,Martinez,james.martinez8@email.com,674016400,ES5242786801128059826204,46,Hombre,Italia,Perú,Expatriado,Salud,Sanitas Más Salud,DKV,2,2024-01-09,2026-01-08,,1188.01,12,Activa,6,8,Referido
C0009,Liam,Dubois,liam.dubois9@email.com,602563421,ES6073375433036541458685,24,Hombre,Suiza,China,Empresa,Salud,Sanitas Más Salud,DKV,2,2025-03-10,2026-03-10,,1507.75,13,Cancelada,4,5,Facebook
C0010,Carmen,Johnson,carmen.johnson10@email.com,608835615,ES9514846564823662994680,42,Mujer,Chile,Perú,Nacional,Salud,DKV Integral,Mapfre,5,2020-08-24,2022-08-24,,772.72,13,Cancelada,2,6,Google Ads
C0011,Emma,Gomez,emma.gomez11@email.com,634332003,ES7917693676320163287083,30,Mujer,China,Chile,Empresa,Vida,Mapfre Vida Riesgo,Generali,3,2020-12-13,2023-12-13,,532.14,20,Activa,7,6,Referido
C0012,Nuria,Schneider,nuria.schneider12@email.com,677434873,ES4714345581223623166587,49,Hombre,Australia,Francia,Autónomo,Hogar,Mapfre Hogar Familiar,Generali,2,2024-01-13,2027-01-12,,526.24,17,Activa,9,8,Google Ads
C0013,Adrian,Bianchi,adrian.bianchi13@email.com,,ES0656272980699016272046,43,Hombre,Emiratos Árabes,España,Autónomo,Mascotas,SantéVet Protección,Sanitas,1,2020-01-13,2022-01-12,,248.38,12,Activa,8,9,Colaborador
C0014,Daniel,Taylor,daniel.taylor14@email.com,633092327,ES1937452991241904966319,67,Otro,Francia,España,Nacional,Decesos,Generali Decesos Familiar,Adeslas,2,2020-04-16,2022-04-16,,201.62,14,Activa,2,0,Colaborador
C0015,Amelia,Martinez,amelia.martinez15@email.com,667165726,ES2849877694531473799650,54,Mujer,Brasil,Polonia,Autónomo,Auto,Mapfre Auto,Mapfre,1,2022-05-27,2025-05-26,,678.54,10,Activa,7,4,WhatsApp
C0016,Miguel,Rodriguez,miguel.rodriguez16@email.com,637770143,ES6349578856855744431351,70,Otro,Rumanía,China,Autónomo,Dental,DKV Dental,DKV,2,2022-11-24,2023-11-24,,268.57,14,Activa,9,10,Instagram
C0017,Daniel,Moreau,daniel.moreau17@email.com,682400842,ES7109477752047116719022,59,Mujer,Suecia,Luxemburgo,Nacional,RC,RC Profesional Autónomos,DKV,5,2024-09-01,2025-09-01,,427.82,15,Activa,6,7,Web Corporativa
C0018,Sara,Schneider,sara.schneider18@email.com,699091334,ES1232812067974034471349,65,Hombre,México,Polonia,Autónomo,RC,RC Empresa Plus,Adeslas,1,2025-02-03,2027-02-03,,525.48,16,Activa,8,7,Referido
C0019,Daniel,Sanchez,,664887719,ES0659401399049027874296,63,Mujer,Portugal,España,Autónomo,Salud,Adeslas Plena Plus,Mapfre,2,2024-08-15,2027-08-15,,1005.61,13,Cancelada,9,9,Google Ads
C0020,Emma,Martinez,emma.martinez20@email.com,645168087,ES6038597703482477109324,58,Hombre,Chile,Australia,Nacional,Salud,AXA Salud Completa,Adeslas,2,2023-09-18,2025-09-17,2025-10-07,629.31,12,Renovada,3,3,Colaborador
C0021,Hugo,Martinez,hugo.martinez21@email.com,678263982,ES1465840449972787558867,43,Hombre,Italia,Noruega,Nacional,Mascotas,AXA Mascotas,DKV,2,2022-11-08,2025-11-07,,356.0,13,Activa,9,8,Instagram
C0022,Carmen,Garcia,carmen.garcia22@email.com,689517187,ES0262174596158657809134,37,Otro,Noruega,Francia,Nacional,Decesos,Generali Decesos Familiar,Mapfre,3,2022-03-01,2025-02-28,2025-02-22,323.66,12,Renovada,2,2,Colaborador
C0023,Isabella,Martinez,isabella.martinez23@email.com,686922219,ES6937923747407482175946,67,Mujer,Rumanía,México,Expatriado,Auto,AXA Auto Flexible,Generali,1,2021-10-26,2022-10-26,,600.66,11,Activa,4,2,Instagram
C0024,Isabella,Evans,isabella.evans24@email.com,609097439,ES5339421047095214562328,46,Otro,Bélgica,España,Nacional,Accidentes,Allianz Accidentes,Sanitas,2,2023-12-03,2025-12-02,,306.48,12,Activa,8,8,WhatsApp
C0025,Julia,Ruiz,julia.ruiz25@email.com,651604817,ES5496513709859317461200,42,Mujer,Chile,Perú,Autónomo,Mascotas,Mapfre Mascotas,Adeslas,2,2020-06-03,2021-06-03,2021-06-02,362.15,11,Renovada,8,10,Web Corporativa
C0026,Hugo,Johnson,hugo.johnson26@email.com,664053773,ES5158506431713900532931,71,Otro,Canadá,Suecia,Nacional,Salud,DKV Integral,AXA,2,2023-04-17,2026-04-16,2026-04-27,1207.35,12,Pendiente,9,10,Colaborador
C0027,Miguel,Sanchez,miguel.sanchez27@email.com,620539502,ES4026811775891783908470,26,Mujer,Perú,Polonia,Expatriado,Decesos,Mapfre Decesos,Mapfre,3,2020-10-23,2021-10-23,,410.37,12,Activa,3,2,Google Ads
C0028,Hugo,Lopez,hugo.lopez28@email.com,684789611,ES8367365766156545271111,50,Hombre,Chile,China,Nacional,RC,RC Familiar,Allianz,1,2021-07-17,2024-07-16,2024-08-05,578.51,17,Renovada,8,9,Colaborador
C0029,Carlos,Moreau,carlos.moreau29@email.com,694519832,ES7315851493689980940244,44,Mujer,Dinamarca,Emiratos Árabes,Expatriado,Salud,Adeslas Plena Plus,DKV,1,2021-12-25,2024-12-24,,990.45,12,Cancelada,2,1,Web Corporativa
C0030,Laura,Sanchez,laura.sanchez30@email.com,699102290,ES1476797643815614978403,48,Otro,España,Perú,Expatriado,Auto,Mapfre Auto,Adeslas,2,2022-02-09,2024-02-09,,471.5,10,Activa,6,6,WhatsApp
C0031,Liam,Sanchez,liam.sanchez31@email.com,685160607,ES1596966416052975161369,48,Otro,Colombia,Marruecos,Expatriado,Viajes,Allianz Viaje Total,Mapfre,1,2024-03-09,2026-03-09,,167.73,10,Activa,5,6,Referido
C0032,Miguel,Perez,miguel.perez32@email.com,612432921,IBAN_ERROR,42,Mujer,Marruecos,España,Expatriado,Salud,AXA Salud Completa,Adeslas,2,2025-01-29,2027-01-29,,1490.94,11,Activa,4,3,WhatsApp
C0033,Laura,Muller,laura.muller33@email.com,697820715,ES1820377889255466590515,29,Otro,India,Australia,Expatriado,Dental,DKV Dental,Mapfre,2,2022-02-26,2024-02-26,2024-02-13,215.05,15,Renovada,5,5,WhatsApp
C0034,Emma,Schneider,emma.schneider34@email.com,691486528,ES1685054235733221418880,65,Mujer,Chile,Australia,Expatriado,RC,RC Familiar,DKV,2,2025-02-20,2027-02-20,,554.45,18,Activa,8,7,Instagram
C0035,Noah,Bianchi,noah.bianchi35@email.com,647383473,ES5977468862392407581814,28,Hombre,China,Marruecos,Empresa,Salud,Sanitas Más Salud,Mapfre,2,2020-03-30,2022-03-30,,1267.81,12,Activa,9,10,Colaborador
C0036,Grace,Fernandez,grace.fernandez36@email.com,630515220,ES4727790104328986143410,38,Mujer,Emiratos Árabes,Rumanía,Expatriado,Vida,Generali Vida Plus,Generali,1,2020-04-19,2022-04-19,,402.93,20,Activa,3,2,Facebook
C0037,James,Evans,james.evans37@email.com,696218518,ES8888067065405153195205,57,Mujer,España,Suiza,Nacional,Salud,DKV Integral,Generali,2,2024-01-11,2025-01-10,,596.46,14,Activa,7,6,Referido
C0038,Marta,Sanchez,marta.sanchez38@email.com,668740345,ES0541566765277584161692,57,Mujer,Australia,España,Empresa,Vida,Allianz Vida Protección,Adeslas,1,2021-02-16,2022-02-16,2022-02-03,439.81,17,Renovada,6,7,WhatsApp
C0039,Lucia,Wilson,lucia.wilson39@email.com,601658202,ES9702135569092755719285,48,Mujer,Suiza,Irlanda,Expatriado,Auto,Allianz Auto Plus,Sanitas,1,2022-07-04,2023-07-04,2023-07-11,743.22,10,Renovada,8,7,Facebook
C0040,Marta,Evans,marta.evans40@email.com,631217271,ES5518844225831323705895,52,Otro,Luxemburgo,Chile,Nacional,Salud,DKV Integral,AXA,1,2021-06-17,2024-06-16,,1526.6,11,Activa,6,6,Facebook
C0041,Oliver,Evans,oliver.evans41@email.com,628922680,ES1824225358414384249818,64,Hombre,Australia,Chile,Nacional,Salud,DKV Integral,DKV,2,2020-09-13,2022-09-13,2022-09-26,1030.55,13,Renovada,10,10,Colaborador
C0042,Carlos,Solana,carlos.solana42@email.com,644736471,ES0276773592555625881537,30,Mujer,Marruecos,España,Autónomo,Viajes,AXA Assistance Viajes,DKV,1,2021-03-07,2024-03-06,,210.43,9,Activa,9,10,Facebook
C0043,Pablo,Schneider,pablo.schneider43@email.com,677470168,ES7339500479748016245650,48,Hombre,India,Estados Unidos,Empresa,Salud,DKV Integral,Sanitas,3,2025-03-27,2028-03-26,2028-03-23,1308.52,13,Renovada,9,10,Facebook
C0044,Hugo,Dubois,hugo.dubois44@email.com,623986800,ES0257872982595269495888,54,Otro,Perú,Reino Unido,Nacional,Salud,Sanitas Más Salud,Mapfre,1,2020-07-17,2022-07-17,,1517.65,11,Activa,10,9,WhatsApp
C0045,Ana,Taylor,ana.taylor45@email.com,697289623,ES0913075626368970283857,56,Mujer,China,Suiza,Autónomo,Salud,Sanitas Más Salud,DKV,3,2023-07-12,2024-07-11,2024-07-12,1499.21,14,Renovada,5,4,Web Corporativa
C0046,Elena,Rossi,elena.rossi46@email.com,643443757,ES5844198665240415747338,40,Otro,Canadá,Marruecos,Nacional,Salud,Sanitas Más Salud,DKV,3,2021-06-25,31/13/2026,,1490.11,11,Activa,6,9,Web Corporativa
C0047,Sofia,Fernandez,sofia.fernandez47@email.com,608267734,ES5401938026206724004991,44,Mujer,Emiratos Árabes,España,Nacional,RC,RC Empresa Plus,Allianz,2,2020-04-17,2021-04-17,,580.75,18,Activa,3,2,Instagram
C0048,Hugo,Rodriguez,hugo.rodriguez48@email.com,632966851,ES6122753046374549904530,65,Hombre,Alemania,España,Expatriado,Decesos,Mapfre Decesos,Sanitas,2,2023-08-20,2025-08-19,2025-08-04,392.67,13,Renovada,6,8,Google Ads
C0049,Grace,Bianchi,grace.bianchi49@email.com,679568783,ES3918785191088398225871,66,Hombre,Rumanía,Marruecos,Expatriado,Auto,Allianz Auto Plus,AXA,4,2021-08-27,2023-08-27,2023-08-26,946.67,12,Renovada,9,10,Facebook
C0050,Hugo,Garcia,hugo.garcia50@email.com,603910651,ES8017046226567661825128,48,Otro,Suecia,Argentina,Nacional,Mascotas,Mapfre Mascotas,Allianz,2,2023-02-18,2025-02-17,2025-02-21,329.03,11,Renovada,8,8,Colaborador
C0051,Roberto,Ruiz,roberto.ruiz51@email.com,610690331,ES1907903067383028439599,72,Otro,Canadá,Argentina,Nacional,Salud,Sanitas Más Salud,DKV,2,2024-08-13,2025-08-13,,918.66,13,Activa,6,5,Instagram
C0052,Lucas,Fernandez,lucas.fernandez52@email.com,670568566,ES2462873342708668826343,44,Otro,Argentina,Estados Unidos,Expatriado,Accidentes,AXA Accidentes,Mapfre,4,2024-12-06,2027-12-06,,263.83,13,Cancelada,8,10,Facebook
C0053,Noah,Gomez,,673540331,ES7393638546785445877175,36,Mujer,Bélgica,España,Nacional,Hogar,AXA Hogar Flexible,Mapfre,2,2024-11-24,2025-11-24,,476.74,14,Activa,10,9,Web Corporativa
C0054,Charlotte,Sanchez,charlotte.sanchez54@email.com,637854777,ES2522872808010062312038,52,Mujer,Dinamarca,España,Empresa,Decesos,Generali Decesos Familiar,AXA,2,2022-05-05,2024-05-04,,276.34,15,Activa,8,10,Referido
C0055,Roberto,Dubois,roberto.dubois55@email.com,611823398,ES4546156793341016668700,67,Hombre,España,Países Bajos,Expatriado,Vida,Mapfre Vida Riesgo,Mapfre,2,2023-01-02,2025-01-01,,669.68,20,Activa,8,7,Referido
C0056,Adrian,Martinez,adrian.martinez56@email.com,648902503,ES9261429396856218501631,44,Otro,Luxemburgo,China,Expatriado,Dental,DKV Dental,AXA,1,2024-11-12,2027-11-12,,220.15,16,Cancelada,2,0,Colaborador
C0057,John,Rodriguez,john.rodriguez57@email.com,694311426,ES2655110475412126788861,24,Hombre,Irlanda,Polonia,Nacional,Salud,Sanitas Más Salud,AXA,1,2025-04-11,2027-04-11,,1230.51,11,Activa,8,5,Web Corporativa
C0058,Miguel,Brown,miguel.brown58@email.com,662244472,ES1264647154379937124065,62,Mujer,Suiza,España,Nacional,Hogar,AXA Hogar Flexible,Mapfre,1,2025-01-19,2028-01-19,,550.56,16,Cancelada,10,8,Google Ads
C0059,Isabella,Muller,isabella.muller59@email.com,647935646,ES5193982807374167243426,47,Hombre,Italia,Emiratos Árabes,Expatriado,Dental,Sanitas Dental Premium,AXA,2,2023-11-24,2024-11-23,,161.17,16,Activa,8,8,Web Corporativa
C0060,Lucas,Bianchi,lucas.bianchi60@email.com,629096561,ES0143888993756798250714,49,Hombre,Reino Unido,Estados Unidos,Autónomo,Vida,Mapfre Vida Riesgo,Generali,1,2025-01-07,2028-01-07,2027-12-28,344.53,18,Renovada,5,4,WhatsApp
C0061,Hugo,Gomez,hugo.gomez61@email.com,651238282,ES5867362266093796603341,59,Hombre,Países Bajos,Chile,Nacional,Salud,DKV Integral,Sanitas,1,2023-11-27,2025-11-26,,-875.75,13,Activa,3,0,Instagram
C0062,Daniel,Rossi,daniel.rossi62@email.com,692499125,ES1341252866929662782827,41,Hombre,Suecia,Australia,Empresa,Vida,Mapfre Vida Riesgo,Sanitas,1,2022-03-06,2025-03-05,,346.78,20,Activa,7,7,Web Corporativa
C0063,Elena,Solana,elena.solana63@email.com,672190340,ES4384279788191485807836,29,Otro,Estados Unidos,Colombia,Autónomo,Salud,DKV Integral,Sanitas,4,2022-11-01,2025-10-31,,1235.19,11,Activa,8,10,Google Ads
C0064,Isabella,Lopez,isabella.lopez64@email.com,692330958,ES4982544948126042232536,54,Hombre,Alemania,México,Autónomo,Salud,Sanitas Más Salud,Allianz,1,2024-07-18,2027-07-18,2027-07-25,1400.08,14,Renovada,8,6,Google Ads
C0065,John,Lopez,john.lopez65@email.com,675186363,ES7454589297500170127706,35,Otro,Canadá,Portugal,Expatriado,Vida,Mapfre Vida Riesgo,Allianz,4,2022-01-25,2024-01-25,,445.21,19,Cancelada,2,2,Instagram
C0066,James,Rodriguez,james.rodriguez66@email.com,661103712,ES9387005162713611155426,72,Hombre,Países Bajos,España,Expatriado,Decesos,Allianz Decesos,Allianz,1,2025-01-24,2028-01-24,,295.35,13,Activa,6,4,Facebook
C0067,Roberto,Schneider,roberto.schneider67@email.com,611219656,ES5234138999404389836403,54,Mujer,Irlanda,Noruega,Nacional,Hogar,Mapfre Hogar Familiar,DKV,1,2024-03-12,2025-03-12,,427.08,17,Cancelada,9,7,Referido
C0068,Lucas,Solana,lucas.solana68@email.com,610910430,ES0684866618892414183285,48,Otro,Luxemburgo,Luxemburgo,Expatriado,Hogar,Allianz Hogar Premium,Generali,1,2024-09-14,2027-09-14,,403.31,14,Activa,4,4,WhatsApp
C0069,Charlotte,Fernandez,charlotte.fernandez69@email.com,602027588,ES4252410564814917785079,33,Mujer,Francia,España,Empresa,Auto,Mapfre Auto,Sanitas,1,2023-06-07,2026-06-06,,773.65,9,Activa,4,1,Web Corporativa
C0070,Ana,Fernandez,ana.fernandez70@email.com,608635365,ES4195180238061744518705,35,Mujer,España,Perú,Expatriado,Auto,Allianz Auto Plus,Generali,3,2021-05-15,2022-05-15,,605.49,11,Activa,4,4,Referido
C0071,Hugo,Johnson,hugo.johnson71@email.com,638505064,ES1383670241038657191826,27,Otro,Noruega,Suiza,Empresa,Auto,Allianz Auto Plus,Adeslas,3,2024-02-09,2027-02-08,2027-02-08,467.44,12,Renovada,8,7,Referido
C0072,Sofia,Ruiz,sofia.ruiz72@email.com,632912127,ES7561853747411249035213,45,Mujer,Chile,España,Empresa,Viajes,Mapfre Viajes,Adeslas,1,2024-08-30,2027-08-30,,179.71,10,Activa,5,2,WhatsApp
C0073,Marta,Solana,marta.solana73@email.com,600323651,ES9941013721510702966706,66,Mujer,India,Emiratos Árabes,Nacional,Dental,Adeslas Dental Max,Sanitas,2,2021-05-26,2022-05-26,,285.17,14,Activa,4,2,Instagram
C0074,Hugo,Sanchez,hugo.sanchez74@email.com,662638380,ES6578759856420593040785,72,Otro,Perú,España,Nacional,Salud,DKV Integral,DKV,2,2022-10-18,2024-10-17,,1042.89,11,Cancelada,3,3,Instagram
C0075,Daniel,Dubois,daniel.dubois75@email.com,639559059,ES9293784270103930870593,31,Mujer,Luxemburgo,Rumanía,Nacional,Auto,Allianz Auto Plus,DKV,3,2025-04-25,2026-04-25,2026-05-04,588.75,11,Renovada,4,4,Facebook
C0076,Adrian,Bianchi,adrian.bianchi76@email.com,615452267,ES5289539264422096902959,37,Otro,Australia,Japón,Expatriado,Salud,Adeslas Plena Plus,Mapfre,2,2022-01-17,2023-01-17,,1475.7,12,Activa,8,10,WhatsApp
C0077,Sofia,Johnson,sofia.johnson77@email.com,631541006,ES7626765861793271040541,27,Mujer,Portugal,Luxemburgo,Nacional,RC,RC Profesional Autónomos,Mapfre,4,2024-08-09,2027-08-09,2027-08-15,464.6,16,Renovada,6,7,Referido
C0078,James,Lopez,james.lopez78@email.com,,ES4431069872050614973103,33,Otro,Perú,Alemania,Autónomo,Salud,Sanitas Más Salud,Adeslas,2,2022-06-02,2025-06-01,,1426.92,14,Activa,4,2,Colaborador
C0079,Amelia,Brown,amelia.brown79@email.com,670477434,ES9021158693806868793741,48,Otro,Emiratos Árabes,Argentina,Nacional,Salud,Adeslas Plena Plus,AXA,1,2023-01-19,2025-01-18,,1422.94,12,Activa,7,5,Facebook
C0080,Hugo,Perez,hugo.perez80@email.com,629451168,ES6854870998616229991191,41,Otro,Portugal,India,Empresa,Viajes,AXA Assistance Viajes,Mapfre,3,2020-09-15,2021-09-15,,268.07,10,Activa,8,8,Google Ads
C0081,Adrian,Schneider,adrian.schneider81@email.com,607450544,ES4713247546913736785082,27,Mujer,Portugal,Argentina,Expatriado,Auto,Allianz Auto Plus,AXA,1,2023-05-31,2026-05-30,2026-05-17,613.1,12,Renovada,7,5,Instagram
C0082,Lucas,Moreau,lucas.moreau82@email.com,645786103,ES5797279855241406029333,66,Hombre,Estados Unidos,España,Autónomo,Dental,Sanitas Dental Premium,Allianz,1,2020-04-28,2021-04-28,,136.01,16,Activa,7,5,Web Corporativa
C0083,Liam,Rossi,liam.rossi83@email.com,666574374,ES8969108589944171545444,35,Hombre,Luxemburgo,España,Expatriado,Salud,DKV Integral,Adeslas,1,2024-06-28,2025-06-28,,1163.8,14,Activa,6,5,Referido
C0084,David,Solana,david.solana84@email.com,638758428,ES2417248251353465549471,53,Hombre,Colombia,Suecia,Expatriado,Salud,Adeslas Plena Plus,Mapfre,1,2022-03-06,2025-03-05,,1257.04,12,Activa,5,4,Web Corporativa
C0085,Emma,Brown,emma.brown85@email.com,652175250,ES0743292712966667600835,23,Mujer,Suiza,Países Bajos,Expatriado,Salud,DKV Integral,Adeslas,3,2020-10-08,2021-10-08,,1518.02,11,Activa,9,9,Referido
C0086,Sofia,Bianchi,sofia.bianchi86@email.com,678985625,ES7532603323098215064890,61,Hombre,Colombia,China,Expatriado,RC,RC Familiar,Adeslas,1,2023-04-20,2025-04-19,,626.43,15,Activa,6,5,Facebook
C0087,Carmen,Wilson,carmen.wilson87@email.com,649926189,ES1411739348356420873753,23,Hombre,Dinamarca,Portugal,Expatriado,Auto,Allianz Auto Plus,Adeslas,2,2021-02-24,2024-02-24,2024-02-09,556.86,9,Renovada,3,5,Colaborador
C0088,Julia,Sanchez,julia.sanchez88@email.com,670120455,ES6110022557941552166746,67,Mujer,Australia,India,Nacional,Hogar,AXA Hogar Flexible,Allianz,2,2020-07-26,2022-07-26,2022-08-09,554.14,15,Renovada,6,6,Facebook
C0089,Charlotte,Garcia,,690277167,ES0145089935889163756289,26,Hombre,India,Luxemburgo,Expatriado,Salud,DKV Integral,AXA,1,2023-04-24,2025-04-23,2025-05-06,764.48,14,Renovada,8,7,Colaborador
C0090,Marta,Lopez,marta.lopez90@email.com,617797177,ES5170166088019948837550,37,Mujer,Chile,Perú,Expatriado,Vida,Allianz Vida Protección,AXA,5,2020-04-13,2023-04-13,,591.21,20,Activa,8,10,Referido
C0091,Oliver,Wilson,oliver.wilson91@email.com,610272614,ES9331637351609177982708,70,Hombre,Australia,España,Nacional,Auto,Allianz Auto Plus,Mapfre,1,2021-12-28,2024-12-27,,551.44,12,Cancelada,10,9,Web Corporativa
C0092,Grace,Perez,grace.perez92@email.com,693465472,ES2698485833394522885158,53,Otro,Portugal,Dinamarca,Nacional,Dental,DKV Dental,Allianz,1,2022-03-04,2025-03-03,2025-03-08,225.81,16,Renovada,8,8,Referido
C0093,Noah,Dubois,noah.dubois93@email.com,642442043,ES8057198386384066658004,35,Otro,India,Reino Unido,Nacional,RC,RC Empresa Plus,Generali,1,2020-08-06,2021-08-06,,295.76,16,Activa,2,0,Referido
C0094,John,Johnson,john.johnson94@email.com,628160648,ES4229405720259094798515,56,Hombre,Dinamarca,Marruecos,Nacional,RC,RC Profesional Autónomos,AXA,1,2024-01-24,2025-01-23,,349.12,15,Activa,3,1,Colaborador
C0095,Carmen,Dubois,carmen.dubois95@email.com,680157399,ES3056164840858877043581,29,Hombre,Francia,Países Bajos,Expatriado,Vida,Generali Vida Plus,AXA,3,2023-09-20,2025-09-19,,429.63,17,Activa,10,10,Referido
C0096,Emma,Muller,emma.muller96@email.com,607501102,ES4819346676650618091901,45,Otro,India,Marruecos,Nacional,Salud,Adeslas Plena Plus,Sanitas,3,2021-02-25,2024-02-25,2024-03-08,1199.53,13,Renovada,3,3,Web Corporativa
C0097,Liam,Wilson,liam.wilson97@email.com,624508821,IBAN_ERROR,34,Otro,Japón,Portugal,Nacional,Salud,Adeslas Plena Plus,Generali,2,2022-12-28,2023-12-28,,960.58,14,Activa,10,10,Referido
C0098,Lucia,Rossi,lucia.rossi98@email.com,649135775,ES9492995562053364525777,45,Mujer,Alemania,España,Expatriado,Hogar,AXA Hogar Flexible,AXA,2,2025-05-02,2027-05-02,,445.91,14,Activa,5,3,Instagram
C0099,Laura,Rodriguez,laura.rodriguez99@email.com,609969308,ES4887256394278816580392,71,Otro,Italia,Australia,Autónomo,Auto,Mapfre Auto,Mapfre,1,2024-02-11,2027-02-10,,422.79,10,Activa,2,3,Instagram
C0100,Adrian,Rossi,adrian.rossi100@email.com,653038567,ES7005184498926659184638,48,Mujer,Italia,Australia,Nacional,Hogar,AXA Hogar Flexible,Mapfre,2,2022-01-04,2023-01-04,,383.29,17,Activa,3,3,Web Corporativa
C0101,James,Sanchez,james.sanchez101@email.com,665177739,ES2603029922809202428699,63,Hombre,México,México,Expatriado,Salud,Sanitas Más Salud,Adeslas,2,2021-03-09,2022-03-09,,933.68,12,Activa,3,2,Google Ads
C0102,Julia,Evans,julia.evans102@email.com,699136621,ES0388629127990881172980,72,Otro,Japón,España,Nacional,Hogar,Allianz Hogar Premium,Mapfre,1,2023-04-08,2024-04-07,2024-04-24,307.2,17,Renovada,7,7,WhatsApp
C0103,Oliver,Martin,oliver.martin103@email.com,631498643,ES0098180635651269448695,62,Mujer,China,México,Nacional,Decesos,Allianz Decesos,Mapfre,3,2021-12-18,31/13/2026,2024-12-08,303.69,13,Renovada,6,8,Google Ads
C0104,Nuria,Evans,nuria.evans104@email.com,637213865,ES8902601279611435190669,64,Otro,Dinamarca,España,Nacional,Hogar,AXA Hogar Flexible,Allianz,1,2021-09-20,2024-09-19,,457.57,14,Activa,4,1,Colaborador
C0105,John,Evans,john.evans105@email.com,639205302,ES1465669380118489554393,52,Mujer,Estados Unidos,México,Autónomo,Dental,DKV Dental,Adeslas,4,2022-11-27,2024-11-26,,281.22,15,Activa,10,10,Instagram
C0106,Ana,Dubois,ana.dubois106@email.com,669735779,ES0714163356588043416518,34,Mujer,Colombia,España,Expatriado,Vida,Allianz Vida Protección,Sanitas,1,2022-11-17,2024-11-16,,669.67,18,Cancelada,6,6,Web Corporativa
C0107,Charlotte,Rossi,charlotte.rossi107@email.com,695211179,ES0807595794728463920867,57,Hombre,Estados Unidos,India,Nacional,Salud,Sanitas Más Salud,Mapfre,1,2024-02-15,2025-02-14,,788.34,12,Cancelada,5,3,Google Ads
C0108,Oliver,Martin,oliver.martin108@email.com,684347955,ES2763655647292931438663,32,Otro,Rumanía,Argentina,Expatriado,Viajes,Allianz Viaje Total,Mapfre,2,2022-02-16,2025-02-15,,164.66,8,Activa,6,5,Instagram
C0109,David,Muller,david.muller109@email.com,603471754,ES5588450615939982455877,28,Mujer,Canadá,Chile,Expatriado,Vida,Generali Vida Plus,Sanitas,2,2021-05-28,2024-05-27,,316.04,20,Cancelada,3,2,Referido
C0110,Isabella,Perez,isabella.perez110@email.com,655449647,ES5987622023413261117800,72,Mujer,Luxemburgo,Noruega,Expatriado,Viajes,Mapfre Viajes,Generali,2,2023-03-16,2025-03-15,2025-03-04,118.05,8,Renovada,7,6,Facebook
C0111,David,Lopez,david.lopez111@email.com,600557784,ES8728299796884578317456,39,Hombre,Emiratos Árabes,Suecia,Nacional,Salud,Sanitas Más Salud,Adeslas,1,2024-02-19,2026-02-18,,713.19,11,Activa,10,8,Web Corporativa
C0112,Isabella,Sanchez,isabella.sanchez112@email.com,630853686,ES6326634163894484631224,30,Otro,Noruega,Alemania,Nacional,Dental,Sanitas Dental Premium,AXA,2,2022-10-04,2024-10-03,,277.64,16,Activa,6,8,WhatsApp
C0113,Julia,Gomez,julia.gomez113@email.com,631207356,ES4757051204618723460136,72,Mujer,Italia,Francia,Expatriado,RC,RC Profesional Autónomos,Allianz,2,2021-01-15,2022-01-15,,326.64,15,Activa,9,7,Instagram
C0114,Liam,Martinez,liam.martinez114@email.com,614743503,ES1365024916300979251327,28,Otro,Estados Unidos,Chile,Nacional,Vida,Generali Vida Plus,Sanitas,2,2021-10-01,2023-10-01,,630.45,17,Activa,10,10,Facebook
C0115,David,Bianchi,david.bianchi115@email.com,652407784,ES8739285574982182744857,23,Otro,Alemania,Países Bajos,Expatriado,Salud,AXA Salud Completa,Allianz,1,2023-02-17,2026-02-16,2026-03-01,1280.53,12,Renovada,2,2,Facebook
C0116,Elena,Schneider,elena.schneider116@email.com,694565118,ES1022031731096789940539,68,Hombre,Canadá,España,Expatriado,Hogar,Mapfre Hogar Familiar,DKV,4,2024-08-04,2026-08-04,,449.98,17,Activa,10,10,Colaborador
C0117,Amelia,Muller,amelia.muller117@email.com,601413811,ES3863383928861957612286,55,Mujer,Dinamarca,España,Nacional,Salud,DKV Integral,AXA,3,2024-08-10,2026-08-10,2026-07-29,1365.11,14,Renovada,6,9,WhatsApp
C0118,Nuria,Smith,nuria.smith118@email.com,657760049,ES0824043350488899210752,31,Mujer,Suiza,Canadá,Autónomo,Mascotas,SantéVet Protección,AXA,1,2024-01-26,2026-01-25,2026-02-13,205.77,11,Renovada,10,9,Instagram
C0119,Lucia,Lopez,lucia.lopez119@email.com,640961055,ES6613906048058925832067,71,Otro,Brasil,Bélgica,Empresa,Salud,Adeslas Plena Plus,DKV,2,2024-01-21,2026-01-20,2026-01-16,1051.54,14,Renovada,3,5,WhatsApp
C0120,David,Sanchez,david.sanchez120@email.com,678376938,ES9833146591166553559042,45,Otro,Noruega,Alemania,Nacional,Dental,Sanitas Dental Premium,AXA,1,2022-03-28,2024-03-27,,225.36,14,Activa,4,2,Google Ads
C0121,Noah,Fernandez,noah.fernandez121@email.com,,ES3833884879206980420439,40,Hombre,Países Bajos,España,Expatriado,Salud,AXA Salud Completa,Allianz,2,2020-06-24,2021-06-24,2021-06-24,1482.26,11,Renovada,4,4,Facebook
C0122,Daniel,Rossi,daniel.rossi122@email.com,657981238,ES7800384576205554384046,24,Otro,Polonia,Australia,Nacional,Salud,Sanitas Más Salud,DKV,1,2021-08-22,2024-08-21,,1511.11,12,Activa,10,7,WhatsApp
C0123,Emma,Sanchez,emma.sanchez123@email.com,649578232,ES9832482629251881252056,49,Mujer,Bélgica,España,Nacional,Mascotas,SantéVet Protección,Allianz,2,2024-11-22,2027-11-22,2027-12-03,212.17,12,Renovada,4,5,Instagram
C0124,Ana,Sanchez,ana.sanchez124@email.com,617289752,ES6772233060463331279757,38,Mujer,Australia,España,Empresa,Dental,Sanitas Dental Premium,Generali,2,2023-05-25,2026-05-24,2026-05-23,171.72,13,Renovada,2,2,Web Corporativa
C0125,Pablo,Smith,pablo.smith125@email.com,638860868,ES0347644726490827718129,67,Otro,Canadá,Portugal,Nacional,RC,RC Profesional Autónomos,Mapfre,2,2023-08-06,2026-08-05,2026-08-23,319.9,18,Renovada,9,7,WhatsApp
C0126,Marta,Wilson,marta.wilson126@email.com,611751868,ES9268602592222064474212,35,Hombre,Rumanía,Suiza,Autónomo,Vida,Generali Vida Plus,Generali,3,2020-07-03,2022-07-03,,593.64,19,Activa,4,3,Facebook
C0127,Isabella,Evans,isabella.evans127@email.com,690384983,ES0220502099451016224999,58,Hombre,España,Países Bajos,Nacional,Vida,Allianz Vida Protección,Allianz,2,2021-03-20,2024-03-19,2024-04-02,483.49,19,Renovada,3,5,Facebook
C0128,Lucia,Smith,lucia.smith128@email.com,658683390,ES1981794695489952997877,34,Otro,Bélgica,Italia,Autónomo,Salud,DKV Integral,Allianz,3,2024-09-23,2027-09-23,,1035.21,13,Activa,3,4,Instagram
C0129,Roberto,Wilson,roberto.wilson129@email.com,603441448,ES8501556990235577027278,44,Mujer,Alemania,Irlanda,Nacional,Salud,AXA Salud Completa,Allianz,1,2023-06-14,2025-06-13,,907.1,11,Activa,10,8,Colaborador
C0130,Adrian,Rossi,adrian.rossi130@email.com,668299629,ES1450461735743842150317,55,Hombre,Dinamarca,Francia,Expatriado,Hogar,AXA Hogar Flexible,AXA,2,2021-11-10,2023-11-10,,267.91,15,Activa,2,2,Instagram
C0131,Julia,Martin,julia.martin131@email.com,668104091,ES5701840943533448571422,40,Hombre,Chile,Francia,Expatriado,Salud,Adeslas Plena Plus,AXA,3,2024-08-10,2027-08-10,2027-08-03,-786.85,11,Renovada,2,4,Instagram
C0132,Nuria,Smith,nuria.smith132@email.com,602070160,ES1662997954538179217174,66,Otro,Rumanía,España,Autónomo,Hogar,Allianz Hogar Premium,Generali,2,2020-12-16,2021-12-16,,521.25,17,Activa,10,10,Google Ads
C0133,Sofia,Sanchez,sofia.sanchez133@email.com,670171577,ES2459928161581487696393,58,Hombre,Perú,Australia,Expatriado,Salud,AXA Salud Completa,Mapfre,1,2021-01-10,2024-01-10,,903.86,11,Cancelada,7,7,WhatsApp
C0134,Oliver,Moreau,oliver.moreau134@email.com,699758172,ES4619196570132902278469,59,Mujer,Suiza,México,Nacional,Salud,DKV Integral,DKV,1,2023-11-22,2024-11-21,,1221.08,13,Activa,9,6,WhatsApp
C0135,Grace,Rossi,grace.rossi135@email.com,605800851,ES4036965666683272386562,41,Otro,Luxemburgo,Francia,Nacional,Hogar,Mapfre Hogar Familiar,DKV,5,2021-12-06,2022-12-06,2022-12-23,354.83,14,Renovada,4,7,Facebook
C0136,David,Evans,david.evans136@email.com,627868765,ES3269097384689500975197,67,Hombre,Italia,Suecia,Expatriado,Auto,Mapfre Auto,Allianz,2,2022-05-01,2024-04-30,,791.06,11,Cancelada,8,10,Google Ads
C0137,Lucas,Schneider,lucas.schneider137@email.com,605807787,ES9565442094940792904904,54,Hombre,Noruega,España,Nacional,Vida,Mapfre Vida Riesgo,AXA,2,2023-10-01,2024-09-30,2024-10-19,662.72,17,Renovada,6,8,Colaborador
C0138,Daniel,Sanchez,daniel.sanchez138@email.com,652437280,ES5129276637239504102767,42,Mujer,Argentina,Irlanda,Autónomo,Dental,DKV Dental,Generali,1,2020-08-16,2023-08-16,,243.17,14,Activa,4,4,Google Ads
C0139,Pablo,Evans,pablo.evans139@email.com,618569454,ES4149673938525800106181,66,Mujer,Suecia,España,Autónomo,Auto,AXA Auto Flexible,DKV,1,2025-03-13,2027-03-13,,565.52,11,Activa,10,7,WhatsApp
C0140,Roberto,Schneider,roberto.schneider140@email.com,692124471,ES7465421406650442717396,34,Otro,Perú,España,Nacional,Salud,AXA Salud Completa,Adeslas,3,2025-04-30,2028-04-29,2028-04-21,675.77,12,Renovada,4,6,Web Corporativa
C0141,Javier,Schneider,javier.schneider141@email.com,672006425,ES6908776618306719855460,63,Otro,Luxemburgo,Noruega,Nacional,RC,RC Profesional Autónomos,Sanitas,1,2020-03-12,2021-03-12,,585.12,17,Pendiente,9,6,Facebook
C0142,Liam,Ruiz,liam.ruiz142@email.com,671732030,ES9376184787005050613878,32,Otro,Portugal,Noruega,Nacional,Decesos,Allianz Decesos,DKV,4,2023-09-15,2024-09-14,,293.57,12,Activa,3,5,Facebook
C0143,Julia,Muller,julia.muller143@email.com,617929111,ES7993136565198253092511,40,Hombre,Luxemburgo,España,Empresa,RC,RC Empresa Plus,DKV,1,2023-12-07,2026-12-06,,346.89,17,Activa,2,1,Web Corporativa
C0144,Sofia,Moreau,,621946723,ES2487632909279145608331,56,Hombre,Alemania,España,Autónomo,Salud,Sanitas Más Salud,Generali,2,2022-02-09,2023-02-09,,1050.31,12,Activa,2,0,Google Ads
C0145,Emma,Gomez,emma.gomez145@email.com,654364597,ES0108220781137995635315,37,Hombre,Estados Unidos,España,Expatriado,Dental,Adeslas Dental Max,Allianz,1,2024-09-24,2026-09-24,,157.63,16,Activa,2,0,Colaborador
C0146,James,Fernandez,james.fernandez146@email.com,627354352,ES0904217762534929298316,56,Mujer,Brasil,España,Nacional,Salud,DKV Integral,AXA,3,2020-10-23,2021-10-23,,1020.42,14,Cancelada,8,9,Colaborador
C0147,Roberto,Taylor,roberto.taylor147@email.com,600780686,ES7177318063254310742799,24,Mujer,México,Perú,Expatriado,Vida,Allianz Vida Protección,Generali,1,2021-03-31,2024-03-30,,716.15,18,Cancelada,2,2,Colaborador
C0148,Marta,Johnson,marta.johnson148@email.com,664989319,ES5085016579055281832538,30,Otro,Rumanía,Irlanda,Nacional,RC,RC Empresa Plus,Allianz,3,2020-05-24,2022-05-24,,415.82,16,Cancelada,2,3,Colaborador
C0149,Sofia,Smith,sofia.smith149@email.com,617884795,ES1371162411241272380468,31,Mujer,Argentina,Alemania,Nacional,RC,RC Empresa Plus,Mapfre,1,2020-04-21,2021-04-21,,467.08,18,Activa,10,10,Referido
C0150,Lucia,Gomez,lucia.gomez150@email.com,698877492,ES4243754025472928422223,30,Hombre,India,España,Autónomo,Auto,AXA Auto Flexible,AXA,3,2022-11-30,2025-11-29,,721.75,10,Activa,7,9,Google Ads
C0151,Marta,Gomez,marta.gomez151@email.com,610672752,ES0885474929751702814069,37,Mujer,Reino Unido,Bélgica,Nacional,Salud,Sanitas Más Salud,Adeslas,5,2020-10-29,2022-10-29,,1507.06,13,Activa,10,10,Facebook
C0152,Javier,Moreau,javier.moreau152@email.com,663759980,ES5626565045547813767426,69,Mujer,China,Chile,Empresa,Hogar,Mapfre Hogar Familiar,Generali,1,2020-02-16,2021-02-15,,368.9,14,Activa,3,4,Instagram
C0153,Julia,Martin,julia.martin153@email.com,628792326,ES4870494787300244714627,67,Otro,Francia,Luxemburgo,Empresa,Salud,DKV Integral,Adeslas,2,2022-02-08,2023-02-08,,1192.28,11,Activa,6,7,Colaborador
C0154,Laura,Schneider,laura.schneider154@email.com,629025725,ES2045650448183219285544,66,Otro,Brasil,Perú,Nacional,Salud,Sanitas Más Salud,Adeslas,1,2021-06-12,2024-06-11,2024-06-03,943.94,13,Renovada,2,1,Colaborador
C0155,David,Martin,david.martin155@email.com,689888167,ES1120754527985240132234,31,Hombre,Australia,Reino Unido,Nacional,Salud,DKV Integral,Adeslas,1,2025-02-08,2026-02-08,,739.51,14,Activa,5,3,Referido
C0156,Ana,Lopez,ana.lopez156@email.com,640140119,ES3932501249552893891190,56,Hombre,Noruega,España,Autónomo,RC,RC Familiar,DKV,1,2020-08-08,2021-08-08,2021-08-25,527.47,17,Renovada,9,6,Instagram
C0157,Nuria,Solana,nuria.solana157@email.com,612566383,ES6151718275480157164794,66,Mujer,Alemania,Emiratos Árabes,Empresa,Mascotas,Mapfre Mascotas,AXA,4,2024-10-09,2027-10-09,,322.95,13,Activa,4,7,WhatsApp
C0158,Carmen,Gomez,carmen.gomez158@email.com,667811266,ES9121535396136749946579,48,Mujer,Emiratos Árabes,Australia,Autónomo,Accidentes,Allianz Accidentes,Sanitas,2,2023-10-22,2025-10-21,,341.73,12,Activa,9,7,Colaborador
C0159,Ana,Rodriguez,ana.rodriguez159@email.com,669524991,ES1877347784858800616756,51,Mujer,México,Colombia,Nacional,Vida,Mapfre Vida Riesgo,Adeslas,1,2020-07-22,2023-07-22,,325.52,18,Activa,2,0,Web Corporativa
C0160,Liam,Ruiz,liam.ruiz160@email.com,689778280,ES6479695450090255905616,45,Mujer,Portugal,China,Nacional,Auto,AXA Auto Flexible,Sanitas,1,2024-01-05,2026-01-04,,442.97,9,Activa,9,10,Referido
C0161,Sofia,Muller,sofia.muller161@email.com,676986407,IBAN_ERROR,54,Otro,Francia,Francia,Empresa,Salud,Adeslas Plena Plus,Generali,1,2021-09-16,2022-09-16,,613.43,12,Activa,7,4,WhatsApp
C0162,Lucia,Moreau,lucia.moreau162@email.com,687635148,ES4685366498782082973748,62,Mujer,México,Portugal,Nacional,Salud,Adeslas Plena Plus,AXA,4,2024-01-09,2027-01-08,,909.94,12,Activa,3,7,WhatsApp
C0163,Sofia,Sanchez,sofia.sanchez163@email.com,649363123,ES0347786603242044820700,28,Mujer,Australia,Perú,Expatriado,Vida,Generali Vida Plus,Sanitas,1,2021-10-14,2022-10-14,2022-10-25,417.32,17,Renovada,6,4,Google Ads
C0164,Emma,Rossi,emma.rossi164@email.com,698471391,ES5596363212347649078515,57,Mujer,Bélgica,China,Empresa,Mascotas,SantéVet Protección,Allianz,2,2020-10-14,2021-10-14,,331.74,11,Activa,3,5,WhatsApp
C0165,Grace,Sanchez,grace.sanchez165@email.com,648645183,ES7606441343275604177656,29,Hombre,Rumanía,Italia,Nacional,Decesos,Allianz Decesos,Sanitas,1,2023-08-14,2026-08-13,,393.48,12,Activa,2,0,WhatsApp
C0166,Charlotte,Dubois,charlotte.dubois166@email.com,663459112,ES3829657724295431652669,37,Hombre,Irlanda,Perú,Nacional,Vida,Mapfre Vida Riesgo,AXA,3,2023-08-06,2026-08-05,,498.85,18,Activa,4,3,Facebook
C0167,Javier,Rodriguez,javier.rodriguez167@email.com,610867713,ES3344762639343626204439,51,Hombre,Portugal,Dinamarca,Expatriado,Viajes,AXA Assistance Viajes,AXA,2,2023-05-14,2025-05-13,,263.08,11,Activa,4,6,Facebook
C0168,David,Smith,david.smith168@email.com,605375990,ES0489646528092428757215,68,Otro,Bélgica,Emiratos Árabes,Nacional,Salud,AXA Salud Completa,DKV,2,2023-12-21,2025-12-20,2025-12-21,663.31,13,Renovada,10,8,Facebook
C0169,David,Evans,david.evans169@email.com,656257287,ES0320320742761707587771,69,Hombre,Japón,Australia,Expatriado,Salud,Adeslas Plena Plus,Sanitas,1,2022-05-30,2024-05-29,,841.11,11,Cancelada,6,7,Instagram
C0170,Marta,Perez,marta.perez170@email.com,613715041,ES6591520177749050975923,26,Otro,Japón,Perú,Expatriado,Decesos,Mapfre Decesos,Sanitas,3,2023-04-14,2024-04-13,2024-03-29,332.44,12,Renovada,4,6,Referido
C0171,Sara,Brown,sara.brown171@email.com,664214764,ES9251583776749961659266,28,Hombre,Argentina,España,Expatriado,Salud,Sanitas Más Salud,Mapfre,4,2024-11-07,31/13/2026,,1391.94,12,Activa,4,7,Referido
C0172,David,Evans,david.evans172@email.com,643864908,ES1081866179454918017226,25,Hombre,Marruecos,Chile,Nacional,Auto,AXA Auto Flexible,Allianz,1,2022-06-14,2023-06-14,,661.7,11,Cancelada,4,2,WhatsApp
C0173,Hugo,Rossi,hugo.rossi173@email.com,668006102,ES7769749956412203103037,64,Hombre,China,México,Expatriado,Hogar,Allianz Hogar Premium,DKV,4,2024-11-19,2025-11-19,,243.67,17,Activa,6,6,Colaborador
C0174,Amelia,Dubois,amelia.dubois174@email.com,670793349,ES6050166799840767899730,56,Hombre,Colombia,España,Autónomo,Auto,AXA Auto Flexible,AXA,1,2022-05-14,2023-05-14,,914.03,11,Activa,9,9,Web Corporativa
C0175,James,Muller,james.muller175@email.com,637573839,ES5972466572934172232971,49,Mujer,Noruega,Estados Unidos,Expatriado,Salud,Sanitas Más Salud,DKV,2,2023-08-16,2025-08-15,,1002.88,12,Activa,4,4,Web Corporativa
C0176,Roberto,Johnson,roberto.johnson176@email.com,693183745,ES5084289107711991808121,36,Mujer,Países Bajos,China,Nacional,Salud,DKV Integral,Allianz,1,2024-10-26,2027-10-26,,654.53,13,Activa,8,5,Referido
C0177,Lucas,Evans,lucas.evans177@email.com,637548214,ES5653286326667850720811,44,Mujer,Alemania,Perú,Expatriado,Vida,Allianz Vida Protección,Generali,1,2024-08-04,2025-08-04,,387.27,18,Activa,8,5,Google Ads
C0178,Liam,Garcia,liam.garcia178@email.com,684550489,ES2673899756341085628843,28,Otro,Marruecos,Suecia,Expatriado,Salud,Sanitas Más Salud,AXA,2,2023-07-17,2026-07-16,2026-08-03,1504.44,13,Renovada,8,9,Colaborador
C0179,Roberto,Solana,roberto.solana179@email.com,648510174,ES9075399893544926831589,35,Mujer,Dinamarca,China,Nacional,Auto,AXA Auto Flexible,Adeslas,1,2024-05-04,2026-05-04,2026-05-21,443.6,10,Renovada,2,1,Referido
C0180,Carmen,Lopez,carmen.lopez180@email.com,664976776,ES2282772881377028519611,46,Otro,Suiza,España,Autónomo,Vida,Allianz Vida Protección,Adeslas,2,2022-07-02,2023-07-02,,537.13,18,Activa,10,10,Facebook
C0181,Elena,Ruiz,elena.ruiz181@email.com,627018510,ES6794975679228777251996,47,Hombre,España,Reino Unido,Autónomo,Salud,AXA Salud Completa,Sanitas,1,2023-04-22,2025-04-21,,-1431.13,11,Activa,6,4,Referido
C0182,Charlotte,Rodriguez,charlotte.rodriguez182@email.com,639890983,ES7801820433971895690705,50,Hombre,India,Noruega,Expatriado,Mascotas,SantéVet Protección,Adeslas,1,2023-07-14,2026-07-13,,310.13,12,Activa,10,7,Google Ads
C0183,Ana,Martinez,ana.martinez183@email.com,695200461,ES5265461033993788614057,58,Mujer,Colombia,Países Bajos,Expatriado,Salud,Adeslas Plena Plus,Mapfre,1,2020-07-02,2021-07-02,,975.8,11,Activa,4,1,Google Ads
C0184,Grace,Solana,grace.solana184@email.com,683258238,ES6870079420074946539840,33,Otro,Brasil,España,Nacional,Auto,Allianz Auto Plus,AXA,1,2023-02-10,2026-02-09,2026-02-13,715.54,9,Renovada,9,6,WhatsApp
C0185,Oliver,Martinez,oliver.martinez185@email.com,674355379,ES5020970026876811807156,61,Mujer,Canadá,Canadá,Nacional,Salud,AXA Salud Completa,DKV,1,2022-06-03,2023-06-03,2023-06-08,1421.48,11,Renovada,7,6,Facebook
C0186,Grace,Gomez,grace.gomez186@email.com,637504793,ES0361498728399921921249,37,Otro,México,México,Nacional,Vida,Generali Vida Plus,Generali,3,2023-10-25,2026-10-24,,335.56,19,Activa,6,6,Instagram
C0187,Roberto,Bianchi,roberto.bianchi187@email.com,666418775,ES8030468750635190361332,44,Mujer,Perú,Dinamarca,Expatriado,Decesos,Generali Decesos Familiar,Allianz,2,2022-07-18,2023-07-18,,365.32,12,Cancelada,2,2,Facebook
C0188,Amelia,Solana,amelia.solana188@email.com,683199717,ES9110065120704961108046,48,Hombre,Marruecos,Suiza,Empresa,Vida,Generali Vida Plus,Generali,3,2021-05-21,2022-05-21,,736.97,20,Activa,2,3,Instagram
C0189,Amelia,Rossi,amelia.rossi189@email.com,685931109,ES1939284567972320024968,64,Mujer,Irlanda,Irlanda,Nacional,Decesos,Mapfre Decesos,AXA,3,2024-12-07,2027-12-07,2027-12-13,368.16,13,Renovada,2,4,Instagram
C0190,Sara,Smith,sara.smith190@email.com,665333153,ES7795995946521707303379,36,Hombre,España,Reino Unido,Nacional,Vida,Allianz Vida Protección,Allianz,2,2020-10-23,2021-10-23,,672.46,19,Activa,10,8,Colaborador
C0191,Javier,Brown,javier.brown191@email.com,650033423,ES4258323024102615347355,65,Hombre,España,España,Nacional,RC,RC Familiar,Generali,1,2020-03-02,2023-03-02,,397.66,18,Activa,5,6,Referido
C0192,David,Sanchez,david.sanchez192@email.com,693842530,ES4289731791286857872558,67,Mujer,Estados Unidos,Polonia,Nacional,Salud,AXA Salud Completa,Mapfre,2,2021-10-13,2024-10-12,,1189.79,13,Activa,2,4,Web Corporativa
C0193,Grace,Moreau,grace.moreau193@email.com,625481214,ES7853907895677665754602,51,Hombre,Estados Unidos,Noruega,Expatriado,Vida,Allianz Vida Protección,Allianz,1,2024-11-02,2025-11-02,,435.37,17,Activa,8,9,WhatsApp
C0194,Lucia,Martin,lucia.martin194@email.com,653544439,ES2840445669078263337389,58,Mujer,Marruecos,Chile,Expatriado,Mascotas,AXA Mascotas,Generali,1,2021-04-11,2022-04-11,,241.18,13,Activa,10,8,WhatsApp
C0195,Miguel,Gomez,miguel.gomez195@email.com,607553666,ES8459090225999966361863,53,Hombre,Rumanía,México,Nacional,Dental,Sanitas Dental Premium,AXA,1,2024-10-12,2027-10-12,,153.51,16,Activa,4,3,Referido
C0003,John,Wilson,john.wilson3@email.com,671012269,ES1669784801845146270482,55,Hombre,Italia,España,Expatriado,Mascotas,AXA Mascotas,Sanitas,2,2021-06-22,2024-06-21,2024-07-01,241.6,11,Renovada,4,6,Instagram
C0026,Hugo,Johnson,hugo.johnson26@email.com,664053773,ES5158506431713900532931,71,Otro,Canadá,Suecia,Nacional,Salud,DKV Integral,AXA,2,2023-04-17,2026-04-16,2026-04-27,1207.35,12,Pendiente,9,10,Colaborador
C0051,Roberto,Ruiz,roberto.ruiz51@email.com,610690331,ES1907903067383028439599,72,Otro,Canadá,Argentina,Nacional,Salud,Sanitas Más Salud,DKV,2,2024-08-13,2025-08-13,,918.66,13,Activa,6,5,Instagram
C0091,Oliver,Wilson,oliver.wilson91@email.com,610272614,ES9331637351609177982708,70,Hombre,Australia,España,Nacional,Auto,Allianz Auto Plus,Mapfre,1,2021-12-28,2024-12-27,,551.44,12,Cancelada,10,9,Web Corporativa
C0151,Marta,Gomez,marta.gomez151@email.com,610672752,ES0885474929751702814069,37,Mujer,Reino Unido,Bélgica,Nacional,Salud,Sanitas Más Salud,Adeslas,5,2020-10-29,2022-10-29,,1507.06,13,Activa,10,10,Facebook
